game,total_views
Raft,41
Lost Ark Online,688
Hades,18
The Legend of Zelda: Majora's Mask,2955
Art,9627
Fate/Grand Order,498
FIFA 19,2544
Street Fighter V,2452
Marbles On Stream,3503
Age of Empires II,570
Europa Universalis IV,1122
Dark Souls III,1645
World of Tanks,4251
Astroneer,1554
Music & Performing Arts,5867
Darwin Project,71
Katamari Damacy,21
S.T.A.L.K.E.R.: Call of Pripyat,6
Epic Seven,579
Retro,1348
H1Z1,2062
Tom Clancy's Rainbow Six: Siege,24634
Dark Souls II,5060
Super Mario Maker,618
Mario Kart 8,256
Heroes of the Storm,1181
Star Citizen,1201
ASMR,239
They Are Billions,351
Super Metroid,200
Doom,39
PUBG MOBILE,768
RimWorld,1057
Hearthstone,27484
Fallout 76,949
StarCraft II,3284
Monster Hunter World,2418
PLAYERUNKNOWN'S BATTLEGROUNDS,16428
Knight Online,1641
Keep Talking and Nobody Explodes,9185
Fallout: New Vegas,21
Dark Souls II: Scholar of the First Sin,473
Blade and Soul,190
Euro Truck Simulator 2,662
Outlast,3402
Uno,27650
ARK,1412
Magic: The Gathering,8451
Stick Fight: The Game,11
Black Desert Online,3721
Call of Duty: Black Ops 4,20237
VRChat,1836
Arma 3,729
Yu-Gi-Oh! Duel Links,341
Battlefield V,1362
Elite: Dangerous,771
Slay the Spire,258
The Sims 4,1904
Resident Evil 2,31
Old School RuneScape,3817
Escape From Tarkov,32109
Subnautica,618
Assassin's Creed Odyssey,425
The Binding of Isaac: Afterbirth,3508
Tekken 7,412
Paladins,754
Minecraft,5735
Battlerite Royale,171
Just Chatting,114593
Games + Demos,165
osu!,548
Super Mario Party,18
Grand Theft Auto V,10014
Super Mario World,1291
7 Days to Die,864
Food & Drink,2057
Slots,11447
Kingdom Two Crowns,16
Borderlands 2,5734
Kerbal Space Program,4219
Destiny 2,6102
Volgarr the Viking,1677
The Jackbox Party Pack 3,535
Overwatch,9924
Rust,2596
Farming Simulator 19,537
Dragon Quest XI,32
Diablo III: Reaper of Souls,2337
Ben and Ed: Blood Party,1357
Super Meat Boy,598
Sea of Thieves,24163
Diablo II: Lord of Destruction,3734
Path of Exile,17338
The Jackbox Party Pack 5,481
Lineage II,435
The Legend of Zelda: A Link to the Past,234
Halo: The Master Chief Collection,401
Doki Doki Literature Club,1715
Always On,11766
World of Warcraft,14549
Final Fantasy VIII,2146
Warframe,2212
Grand Theft Auto: San Andreas,1079
Heroes of Might and Magic III: The Shadow of Death,1208
Madden NFL 19,728
Dota 2,13894
The Elder Scrolls Online,495
Getting Over It,48
Super Smash Bros. Ultimate,21718
Red Dead Redemption 2,911
Tabletop Simulator,75
Gang Beasts,681
The Legend of Zelda: Ocarina of Time,2549
Rocket League,2076
Golf It!,258
Tibia,1093
Dead by Daylight,12403
Final Fantasy VII,4674
The Legend of Zelda: Breath of the Wild,468
Twitch Sings,33
League of Legends,49854
DayZ,2058
Summoners War: Sky Arena,1186
Talk Shows & Podcasts,3484
Ring Of Elysium,1322
The Legend of Zelda: Oracle of Seasons,5608
Golf With Your Friends,653
Human: Fall Flat,1895
Darkest Dungeon,499
Smite,1219
MapleStory,1725
ROBLOX,579
World of Warships,1814
Super Mario 3D World,645
Guild Wars 2,1063
Pummel Party,329
Dragon Ball FighterZ,129
Last Year: The Nightmare,170
Poker,2974
Fortnite,302122
FINAL FANTASY XIV Online,1097
Special Events,2048
Science & Technology,536
Travel & Outdoors,599
Counter-Strike: Global Offensive,10657
Sid Meier's Civilization V,109
Warcraft III: The Frozen Throne,6032
Kingdom Hearts HD I.5 + II.5 Remix,929
Atlas,26777
Artifact,958
"Papers, Please",6
Super Mario 64,114
Mortal Kombat X,233
StarCraft,3375
"Pokemon: Let's Go, Pikachu!/Eevee!",2052
Ashen,163
NBA 2K19,2928
